INSERT INTO `votos` VALUES (3875859160, 3, 152, 081745, 092335, 0);
INSERT INTO `votos` VALUES (3875056955, 11141, 401, 082405, 092958, 0);
INSERT INTO `votos` VALUES (3875056955, 11141, 386, 082405, 092958, 0);
INSERT INTO `votos` VALUES (3875056955, 11141, 394, 082405, 092958, 0);
INSERT INTO `votos` VALUES (3875056955, 11141, 114, 082405, 092958, 0);
INSERT INTO `votos` VALUES (3875056955, 11141, 116, 082405, 092958, 0);
INSERT INTO `votos` VALUES (3875056955, 11141, 441, 082405, 092958, 0);
INSERT INTO `votos` VALUES (3875056955, 11141, 443, 082405, 092958, 0);
INSERT INTO `votos` VALUES (3875056955, 11141, 470, 082405, 092958, 0);
INSERT INTO `votos` VALUES (3875056955, 11141, 475, 082405, 092958, 0);
INSERT INTO `votos` VALUES (3875056955, 11141, 713, 082405, 092958, 0);
INSERT INTO `votos` VALUES (3875056955, 11141, 746, 082405, 092958, 0);
INSERT INTO `votos` VALUES (3875056955, 11141, 712, 082405, 092958, 0);
INSERT INTO `votos` VALUES (3875056955, 11141, 649, 082405, 092958, 0);
INSERT INTO `votos` VALUES (3875056955, 11141, 661, 082405, 092958, 0);
INSERT INTO `votos` VALUES (3875713403, 10161, 103, 083754, 094346, 0);
INSERT INTO `votos` VALUES (3875713403, 10161, 223, 083754, 094346, 0);
INSERT INTO `votos` VALUES (3875713403, 10161, 312, 083754, 094346, 0);
INSERT INTO `votos` VALUES (3875713403, 10161, 454, 083754, 094346, 0);
INSERT INTO `votos` VALUES (3875713403, 10161, 459, 083754, 094346, 0);
INSERT INTO `votos` VALUES (3875713403, 10161, 506, 083754, 094346, 0);
INSERT INTO `votos` VALUES (3875713403, 10161, 187, 083754, 094346, 0);
INSERT INTO `votos` VALUES (3875713403, 10161, 456, 083754, 094346, 0);
INSERT INTO `votos` VALUES (3875713403, 10161, 499, 083754, 094346, 0);
INSERT INTO `votos` VALUES (3875235939, 161, 833, 084241, 094832, 0);
INSERT INTO `votos` VALUES (3875235939, 161, 165, 084241, 094832, 0);
INSERT INTO `votos` VALUES (3875235939, 161, 581, 084241, 094832, 0);
INSERT INTO `votos` VALUES (3875235939, 201, 1083, 084325, 094915, 0);
INSERT INTO `votos` VALUES (3875235939, 241, 358, 084442, 095029, 0);
INSERT INTO `votos` VALUES (3875235939, 241, 305, 084442, 095029, 0);
INSERT INTO `votos` VALUES (3875235939, 241, 396, 084442, 095029, 0);
INSERT INTO `votos` VALUES (3875235939, 241, 089, 084442, 095029, 0);
INSERT INTO `votos` VALUES (3875235939, 241, 803, 084442, 095029, 0);
INSERT INTO `votos` VALUES (3875325754, 9801, 93, 084600, 095150, 0);
INSERT INTO `votos` VALUES (3875325754, 9801, 214, 084600, 095150, 0);
INSERT INTO `votos` VALUES (3875325754, 9801, 465, 084600, 095150, 0);
INSERT INTO `votos` VALUES (3875325754, 9801, 637, 084600, 095150, 0);
INSERT INTO `votos` VALUES (3875325754, 9801, 624, 084600, 095150, 0);
INSERT INTO `votos` VALUES (3875325754, 9801, 372, 084600, 095150, 0);
INSERT INTO `votos` VALUES (3875325754, 9801, 638, 084600, 095150, 0);
INSERT INTO `votos` VALUES (3875325754, 9801, 492, 084600, 095150, 0);
INSERT INTO `votos` VALUES (3875325754, 9801, 679, 084600, 095150, 0);
INSERT INTO `votos` VALUES (3875325754, 9801, 501, 084600, 095150, 0);
INSERT INTO `votos` VALUES (3875325754, 9801, 511, 084600, 095150, 0);
INSERT INTO `votos` VALUES (3875325754, 9801, 602, 084600, 095150, 0);
INSERT INTO `votos` VALUES (3875325754, 9801, 577, 084600, 095150, 0);
INSERT INTO `votos` VALUES (3875325754, 9801, 622, 084600, 095150, 0);
INSERT INTO `votos` VALUES (3875325754, 9801, 29, 084600, 095150, 0);
INSERT INTO `votos` VALUES (3875325754, 9801, 216, 084600, 095150, 0);
INSERT INTO `votos` VALUES (3875235939, 4941, 548, 084635, 095225, 0);
INSERT INTO `votos` VALUES (3875235939, 4941, 283, 084635, 095225, 0);
INSERT INTO `votos` VALUES (3875235939, 4941, 293, 084635, 095225, 0);
INSERT INTO `votos` VALUES (3875235939, 4941, 656, 084635, 095225, 0);
INSERT INTO `votos` VALUES (3875235939, 4941, 414, 084635, 095225, 0);
INSERT INTO `votos` VALUES (3875235939, 4941, 796, 084635, 095225, 0);
INSERT INTO `votos` VALUES (3875235939, 4941, 1022, 084635, 095225, 0);
INSERT INTO `votos` VALUES (3875235939, 4941, 297, 084635, 095225, 0);
INSERT INTO `votos` VALUES (3875325754, 10621, 495, 084721, 095308, 0);
INSERT INTO `votos` VALUES (3875325754, 10621, 406, 084721, 095308, 0);
INSERT INTO `votos` VALUES (3875325754, 10621, 375, 084721, 095308, 0);
INSERT INTO `votos` VALUES (3875325754, 10621, 482, 084721, 095308, 0);
INSERT INTO `votos` VALUES (3875325754, 10621, 671, 084721, 095308, 0);
INSERT INTO `votos` VALUES (3875325754, 10621, 558, 084721, 095308, 0);
INSERT INTO `votos` VALUES (3875325754, 10621, 715, 084721, 095308, 0);
INSERT INTO `votos` VALUES (3875325754, 10621, 834, 084721, 095308, 0);
INSERT INTO `votos` VALUES (3875325754, 10621, 870, 084721, 095308, 0);
INSERT INTO `votos` VALUES (3875325754, 10621, 66, 084721, 095308, 0);
INSERT INTO `votos` VALUES (3875325754, 10621, 686, 084721, 095308, 0);
INSERT INTO `votos` VALUES (3875325754, 10621, 258, 084721, 095308, 0);
INSERT INTO `votos` VALUES (3875325754, 10621, 292, 084721, 095308, 0);
INSERT INTO `votos` VALUES (3875325754, 10621, 809, 084721, 095308, 0);
INSERT INTO `votos` VALUES (3875235939, 4981, 344, 084729, 095320, 0);
INSERT INTO `votos` VALUES (3874143422, 3041, 11, 084842, 095434, 0);
INSERT INTO `votos` VALUES (3874143422, 3041, 96, 084842, 095434, 0);
INSERT INTO `votos` VALUES (3874143422, 3041, 556, 084842, 095434, 0);
INSERT INTO `votos` VALUES (3874143422, 3041, 603, 084842, 095434, 0);
INSERT INTO `votos` VALUES (3874143422, 3041, 586, 084842, 095434, 0);
INSERT INTO `votos` VALUES (3874143422, 3041, 207, 084842, 095434, 0);
INSERT INTO `votos` VALUES (3874143422, 3041, 135, 084842, 095434, 0);
INSERT INTO `votos` VALUES (3874143422, 3041, 232, 084842, 095434, 0);
INSERT INTO `votos` VALUES (3874143422, 3041, 570, 084842, 095434, 0);
INSERT INTO `votos` VALUES (3874143422, 3041, 279, 084842, 095434, 0);
INSERT INTO `votos` VALUES (3874143422, 3041, 310, 084842, 095434, 0);
INSERT INTO `votos` VALUES (3874143422, 3041, 3, 084842, 095434, 0);
INSERT INTO `votos` VALUES (3874143422, 3041, 615, 084842, 095434, 0);
INSERT INTO `votos` VALUES (3874143422, 3041, 412, 084842, 095434, 0);
INSERT INTO `votos` VALUES (3874143422, 3041, 451, 084842, 095434, 0);
INSERT INTO `votos` VALUES (3875235939, 10441, 728, 084940, 095532, 0);
INSERT INTO `votos` VALUES (3875235939, 10441, 433, 084940, 095532, 0);
INSERT INTO `votos` VALUES (3875235939, 10441, 206, 084940, 095532, 0);
INSERT INTO `votos` VALUES (3875235939, 10441, 298, 084940, 095532, 0);
INSERT INTO `votos` VALUES (3875235939, 10441, 702, 084940, 095532, 0);
INSERT INTO `votos` VALUES (3875235939, 10441, 569, 084940, 095532, 0);
INSERT INTO `votos` VALUES (3875235939, 10441, 654, 084940, 095532, 0);
INSERT INTO `votos` VALUES (3875235939, 10441, 410, 084940, 095532, 0);
INSERT INTO `votos` VALUES (3875235939, 10441, 349, 084940, 095532, 0);
INSERT INTO `votos` VALUES (3875056955, 8201, 257, 085050, 095638, 0);
INSERT INTO `votos` VALUES (3875056955, 8201, 349, 085050, 095638, 0);
INSERT INTO `votos` VALUES (3875056955, 8201, 437, 085050, 095638, 0);
INSERT INTO `votos` VALUES (3875056955, 8201, 487, 085050, 095638, 0);
INSERT INTO `votos` VALUES (3875056955, 8201, 573, 085050, 095638, 0);
INSERT INTO `votos` VALUES (3875056955, 8201, 512, 085050, 095638, 0);
INSERT INTO `votos` VALUES (3875056955, 8201, 725, 085050, 095638, 0);
INSERT INTO `votos` VALUES (3875056955, 8201, 529, 085050, 095638, 0);
INSERT INTO `votos` VALUES (3875056955, 8201, 327, 085050, 095638, 0);
INSERT INTO `votos` VALUES (3875056955, 8201, 774, 085050, 095638, 0);
INSERT INTO `votos` VALUES (3874828167, 11301, 513, 085045, 095638, 0);
INSERT INTO `votos` VALUES (3874828167, 11301, 515, 085045, 095638, 0);
INSERT INTO `votos` VALUES (3874828167, 11301, 367, 085045, 095638, 0);
INSERT INTO `votos` VALUES (3874828167, 11301, 655, 085045, 095638, 0);
INSERT INTO `votos` VALUES (3874828167, 11301, 489, 085045, 095638, 0);
INSERT INTO `votos` VALUES (3874828167, 11301, 970, 085045, 095638, 0);
INSERT INTO `votos` VALUES (3874828167, 11301, 973, 085045, 095638, 0);
INSERT INTO `votos` VALUES (3874828167, 11301, 972, 085045, 095638, 0);
INSERT INTO `votos` VALUES (3874828167, 11301, 565, 085045, 095638, 0);
INSERT INTO `votos` VALUES (3874828167, 11301, 924, 085045, 095638, 0);
INSERT INTO `votos` VALUES (3874828167, 11301, 177, 085045, 095638, 0);
INSERT INTO `votos` VALUES (3874828167, 11301, 870, 085045, 095638, 0);
INSERT INTO `votos` VALUES (3874828167, 11301, 500, 085045, 095638, 0);
INSERT INTO `votos` VALUES (3874828167, 11301, 223, 085045, 095638, 0);
INSERT INTO `votos` VALUES (3874828167, 11301, 986, 085045, 095638, 0);
INSERT INTO `votos` VALUES (3874828167, 11301, 364, 085045, 095638, 0);
INSERT INTO `votos` VALUES (3875235939, 9641, 1971, 085114, 095705, 0);
INSERT INTO `votos` VALUES (3875235939, 9641, 538, 085114, 095705, 0);
INSERT INTO `votos` VALUES (3875235939, 9641, 167, 085114, 095705, 0);
INSERT INTO `votos` VALUES (3875235939, 9641, 408, 085114, 095705, 0);
INSERT INTO `votos` VALUES (3875235939, 9641, 299, 085114, 095705, 0);
INSERT INTO `votos` VALUES (3875235939, 9641, 268, 085114, 095705, 0);
INSERT INTO `votos` VALUES (3875235939, 9641, 305, 085114, 095705, 0);
INSERT INTO `votos` VALUES (3875235939, 5021, 87, 085224, 095811, 0);
INSERT INTO `votos` VALUES (3875235939, 5021, 606, 085224, 095811, 0);
INSERT INTO `votos` VALUES (3875235939, 5021, 623, 085224, 095811, 0);
INSERT INTO `votos` VALUES (3875235939, 5021, 844, 085224, 095811, 0);
INSERT INTO `votos` VALUES (3875235939, 5021, 170, 085224, 095811, 0);
INSERT INTO `votos` VALUES (3875056955, 3281, 335, 085232, 095824, 0);
INSERT INTO `votos` VALUES (3875056955, 3281, 191, 085232, 095824, 0);
INSERT INTO `votos` VALUES (3875056955, 3281, 614, 085232, 095824, 0);
INSERT INTO `votos` VALUES (3875056955, 3281, 532, 085232, 095824, 0);
INSERT INTO `votos` VALUES (3874828167, 5700, 842, 085315, 095907, 0);
INSERT INTO `votos` VALUES (3874828167, 5700, 839, 085315, 095907, 0);
INSERT INTO `votos` VALUES (3874828167, 5700, 560, 085315, 095907, 0);
INSERT INTO `votos` VALUES (3874828167, 5700, 709, 085315, 095907, 0);
INSERT INTO `votos` VALUES (3874828167, 5700, 873, 085315, 095907, 0);
INSERT INTO `votos` VALUES (3874828167, 5700, 914, 085315, 095907, 0);
INSERT INTO `votos` VALUES (3874828167, 5700, 919, 085315, 095907, 0);
INSERT INTO `votos` VALUES (3874828167, 5700, 1124, 085315, 095907, 0);
INSERT INTO `votos` VALUES (3874828167, 5700, 926, 085315, 095907, 0);
INSERT INTO `votos` VALUES (3874828167, 5700, 1055, 085315, 095907, 0);
INSERT INTO `votos` VALUES (3874828167, 5700, 365, 085315, 095907, 0);
INSERT INTO `votos` VALUES (3874828167, 5700, 921, 085315, 095907, 0);
INSERT INTO `votos` VALUES (3874828167, 5700, 589, 085315, 095907, 0);
INSERT INTO `votos` VALUES (3875317289, 1521, 776, 085543, 100129, 0);
INSERT INTO `votos` VALUES (3875317289, 1521, 590, 085543, 100129, 0);
INSERT INTO `votos` VALUES (3875317289, 1521, 318, 085543, 100129, 0);
INSERT INTO `votos` VALUES (3875317289, 1521, 589, 085543, 100129, 0);
INSERT INTO `votos` VALUES (3875317289, 1521, 572, 085543, 100129, 0);
INSERT INTO `votos` VALUES (3875317289, 1521, 870, 085543, 100129, 0);
INSERT INTO `votos` VALUES (3875317289, 1521, 737, 085543, 100129, 0);
INSERT INTO `votos` VALUES (3875317289, 1521, 818, 085543, 100129, 0);
INSERT INTO `votos` VALUES (3875317289, 1521, 886, 085543, 100129, 0);
INSERT INTO `votos` VALUES (3875317289, 1521, 884, 085543, 100129, 0);
INSERT INTO `votos` VALUES (3875317289, 1521, 887, 085543, 100129, 0);
INSERT INTO `votos` VALUES (3875317289, 1521, 585, 085543, 100129, 0);
INSERT INTO `votos` VALUES (3875317289, 1521, 194, 085543, 100129, 0);
INSERT INTO `votos` VALUES (3875317289, 1521, 407, 085543, 100129, 0);
INSERT INTO `votos` VALUES (3875056955, 3321, 852, 085824, 100413, 0);
INSERT INTO `votos` VALUES (3875056955, 3321, 854, 085824, 100413, 0);
INSERT INTO `votos` VALUES (3875056955, 3321, 391, 085824, 100413, 0);
INSERT INTO `votos` VALUES (3875056955, 3321, 54, 085824, 100413, 0);
INSERT INTO `votos` VALUES (3875056955, 3321, 317, 085824, 100413, 0);
INSERT INTO `votos` VALUES (3875056955, 3321, 465, 085824, 100413, 0);
INSERT INTO `votos` VALUES (3875056955, 3321, 637, 085824, 100413, 0);
INSERT INTO `votos` VALUES (3875056955, 3321, 738, 085824, 100413, 0);
INSERT INTO `votos` VALUES (3875056955, 3321, 288, 085824, 100413, 0);
INSERT INTO `votos` VALUES (3875056955, 3321, 172, 085824, 100413, 0);
INSERT INTO `votos` VALUES (3875056955, 3321, 611, 085824, 100413, 0);
INSERT INTO `votos` VALUES (3875056955, 3321, 815, 085824, 100413, 0);
INSERT INTO `votos` VALUES (3875056955, 3321, 575, 085824, 100413, 0);
INSERT INTO `votos` VALUES (3875056955, 3321, 474, 085824, 100413, 0);
INSERT INTO `votos` VALUES (3875056955, 3321, 573, 085824, 100413, 0);
INSERT INTO `votos` VALUES (3874143422, 11061, 714, 090302, 100433, 0);
INSERT INTO `votos` VALUES (3874143422, 11061, 142, 090302, 100433, 0);
INSERT INTO `votos` VALUES (3874143422, 11061, 149, 090302, 100433, 0);
INSERT INTO `votos` VALUES (3874143422, 11061, 153, 090302, 100433, 0);
INSERT INTO `votos` VALUES (3874143422, 11061, 574, 090302, 100433, 0);
INSERT INTO `votos` VALUES (3874143422, 11061, 7, 090302, 100433, 0);
INSERT INTO `votos` VALUES (3874143422, 11061, 386, 090302, 100433, 0);
INSERT INTO `votos` VALUES (3874143422, 11061, 497, 090302, 100433, 0);
INSERT INTO `votos` VALUES (3874143422, 11061, 474, 090302, 100433, 0);
INSERT INTO `votos` VALUES (3874143422, 11061, 260, 090302, 100433, 0);
INSERT INTO `votos` VALUES (3874143422, 11061, 427, 090302, 100433, 0);
INSERT INTO `votos` VALUES (3874143422, 11061, 664, 090302, 100433, 0);
INSERT INTO `votos` VALUES (3874143422, 11061, 124, 090302, 100433, 0);
INSERT INTO `votos` VALUES (3874143422, 11061, 242, 090302, 100433, 0);
INSERT INTO `votos` VALUES (3875165031, 3, 48, 090121, 100708, 0);
INSERT INTO `votos` VALUES (3875165031, 3, 048, 090121, 100708, 0);
INSERT INTO `votos` VALUES (3875324651, 2041, 366, 090328, 100920, 0);
INSERT INTO `votos` VALUES (3875324651, 2041, 419, 090328, 100920, 0);
INSERT INTO `votos` VALUES (3875324651, 2041, 542, 090328, 100920, 0);
INSERT INTO `votos` VALUES (3875324651, 2041, 217, 090328, 100920, 0);
INSERT INTO `votos` VALUES (3875324651, 2041, 934, 090328, 100920, 0);
INSERT INTO `votos` VALUES (3875324651, 2041, 886, 090328, 100920, 0);
INSERT INTO `votos` VALUES (3875324651, 2041, 622, 090328, 100920, 0);
INSERT INTO `votos` VALUES (3875324651, 2041, 551, 090328, 100920, 0);
INSERT INTO `votos` VALUES (3875324651, 2041, 681, 090328, 100920, 0);
INSERT INTO `votos` VALUES (3875324651, 2041, 677, 090328, 100920, 0);
INSERT INTO `votos` VALUES (3875324651, 2041, 873, 090328, 100920, 0);
INSERT INTO `votos` VALUES (3875317289, 6261, 742, 090437, 101025, 0);
INSERT INTO `votos` VALUES (3875317289, 6261, 745, 090437, 101025, 0);
INSERT INTO `votos` VALUES (3875317289, 6261, 271, 090437, 101025, 0);
INSERT INTO `votos` VALUES (3875317289, 6261, 565, 090437, 101025, 0);
INSERT INTO `votos` VALUES (3875317289, 6261, 422, 090437, 101025, 0);
INSERT INTO `votos` VALUES (3875317289, 6261, 706, 090437, 101025, 0);
INSERT INTO `votos` VALUES (3875317289, 6261, 784, 090437, 101025, 0);
INSERT INTO `votos` VALUES (3875317289, 6261, 189, 090437, 101025, 0);
INSERT INTO `votos` VALUES (3875317289, 6261, 322, 090437, 101025, 0);
INSERT INTO `votos` VALUES (3875317289, 6261, 616, 090437, 101025, 0);
INSERT INTO `votos` VALUES (3875317289, 6261, 509, 090437, 101025, 0);
INSERT INTO `votos` VALUES (3875317289, 6261, 716, 090437, 101025, 0);
INSERT INTO `votos` VALUES (3875317289, 6261, 62, 090437, 101025, 0);
INSERT INTO `votos` VALUES (3875317289, 6261, 305, 090437, 101025, 0);
INSERT INTO `votos` VALUES (3875324651, 2081, 941, 090450, 101038, 0);
INSERT INTO `votos` VALUES (3875324651, 2081, 123, 090450, 101038, 0);
INSERT INTO `votos` VALUES (3875324651, 2081, 516, 090450, 101038, 0);
INSERT INTO `votos` VALUES (3875324651, 2081, 550, 090450, 101038, 0);
INSERT INTO `votos` VALUES (3875324651, 2081, 012, 090450, 101038, 0);
INSERT INTO `votos` VALUES (3875324651, 2081, 715, 090450, 101038, 0);
INSERT INTO `votos` VALUES (3875324651, 2081, 306, 090450, 101038, 0);
INSERT INTO `votos` VALUES (3875987795, 12101, 186, 090607, 101159, 0);
INSERT INTO `votos` VALUES (3875987795, 12101, 306, 090607, 101159, 0);
INSERT INTO `votos` VALUES (3875987795, 12101, 394, 090607, 101159, 0);
INSERT INTO `votos` VALUES (3875987795, 12101, 456, 090607, 101159, 0);
INSERT INTO `votos` VALUES (3875987795, 12101, 531, 090607, 101159, 0);
INSERT INTO `votos` VALUES (3875987795, 12101, 616, 090607, 101159, 0);
INSERT INTO `votos` VALUES (3875987795, 12101, 620, 090607, 101159, 0);
INSERT INTO `votos` VALUES (3875987795, 12101, 642, 090607, 101159, 0);
INSERT INTO `votos` VALUES (3875987795, 12101, 794, 090607, 101159, 0);
INSERT INTO `votos` VALUES (3875987795, 12101, 797, 090607, 101159, 0);
INSERT INTO `votos` VALUES (3875987795, 12101, 819, 090607, 101159, 0);
INSERT INTO `votos` VALUES (3875987795, 12101, 861, 090607, 101159, 0);
INSERT INTO `votos` VALUES (3875987795, 12101, 896, 090607, 101159, 0);
INSERT INTO `votos` VALUES (3875987795, 12101, 555, 090607, 101159, 0);
INSERT INTO `votos` VALUES (3875987795, 12101, 157, 090607, 101159, 0);
INSERT INTO `votos` VALUES (3875987795, 12101, 689, 090607, 101159, 0);
INSERT INTO `votos` VALUES (3875317289, 1401, 565, 090627, 101219, 0);
INSERT INTO `votos` VALUES (3875317289, 1401, 120, 090627, 101219, 0);
INSERT INTO `votos` VALUES (3875317289, 1401, 215, 090627, 101219, 0);
INSERT INTO `votos` VALUES (3875317289, 1401, 859, 090627, 101219, 0);
INSERT INTO `votos` VALUES (3875317289, 1401, 259, 090627, 101219, 0);
INSERT INTO `votos` VALUES (3875317289, 1401, 857, 090627, 101219, 0);
INSERT INTO `votos` VALUES (3875317289, 1401, 261, 090627, 101219, 0);
INSERT INTO `votos` VALUES (3875317289, 1401, 572, 090627, 101219, 0);
INSERT INTO `votos` VALUES (3875317289, 1401, 680, 090627, 101219, 0);
INSERT INTO `votos` VALUES (3875317289, 1401, 431, 090627, 101219, 0);
INSERT INTO `votos` VALUES (3875317289, 1401, 128, 090627, 101219, 0);
INSERT INTO `votos` VALUES (3875317289, 1401, 24, 090627, 101219, 0);
INSERT INTO `votos` VALUES (3875317289, 1401, 701, 090627, 101219, 0);
INSERT INTO `votos` VALUES (3875317289, 1401, 719, 090627, 101219, 0);
INSERT INTO `votos` VALUES (3875324651, 11661, 075, 090709, 101302, 0);
INSERT INTO `votos` VALUES (3875324651, 11661, 109, 090709, 101302, 0);
INSERT INTO `votos` VALUES (3875324651, 11661, 222, 090709, 101302, 0);
INSERT INTO `votos` VALUES (3875324651, 11661, 236, 090709, 101302, 0);
INSERT INTO `votos` VALUES (3875324651, 11661, 336, 090709, 101302, 0);
INSERT INTO `votos` VALUES (3875324651, 11661, 452, 090709, 101302, 0);
INSERT INTO `votos` VALUES (3875324651, 11661, 532, 090709, 101302, 0);
INSERT INTO `votos` VALUES (3875324651, 11661, 656, 090709, 101302, 0);
INSERT INTO `votos` VALUES (3875324651, 11661, 677, 090709, 101302, 0);
INSERT INTO `votos` VALUES (3875324651, 11661, 691, 090709, 101302, 0);
INSERT INTO `votos` VALUES (3875324651, 11661, 711, 090709, 101302, 0);
INSERT INTO `votos` VALUES (3875324651, 11661, 786, 090709, 101302, 0);
INSERT INTO `votos` VALUES (3875324651, 11661, 819, 090709, 101302, 0);
INSERT INTO `votos` VALUES (3875324651, 11661, 158, 090709, 101302, 0);
INSERT INTO `votos` VALUES (3875324651, 11661, 143, 090709, 101302, 0);
INSERT INTO `votos` VALUES (3875324651, 11661, 719, 090709, 101302, 0);
INSERT INTO `votos` VALUES (3875317289, 6301, 111, 090812, 101400, 0);
INSERT INTO `votos` VALUES (3875317289, 6301, 206, 090812, 101400, 0);
INSERT INTO `votos` VALUES (3875317289, 6301, 782, 090812, 101400, 0);
INSERT INTO `votos` VALUES (3875317289, 6301, 186, 090812, 101400, 0);
INSERT INTO `votos` VALUES (3875317289, 6301, 157, 090812, 101400, 0);
INSERT INTO `votos` VALUES (3875317289, 6301, 664, 090812, 101400, 0);
INSERT INTO `votos` VALUES (3875317289, 6301, 156, 090812, 101400, 0);
INSERT INTO `votos` VALUES (3875317289, 6301, 416, 090812, 101400, 0);
INSERT INTO `votos` VALUES (3875317289, 6301, 155, 090812, 101400, 0);
INSERT INTO `votos` VALUES (3875317289, 6301, 570, 090812, 101400, 0);
INSERT INTO `votos` VALUES (3875317289, 6301, 832, 090812, 101400, 0);
INSERT INTO `votos` VALUES (3875317289, 6301, 76, 090812, 101400, 0);
INSERT INTO `votos` VALUES (3875317289, 6301, 629, 090812, 101400, 0);
INSERT INTO `votos` VALUES (3875317289, 6301, 736, 090812, 101400, 0);
INSERT INTO `votos` VALUES (3875317289, 1441, 176, 090942, 101529, 0);
INSERT INTO `votos` VALUES (3875317289, 1441, 331, 090942, 101529, 0);
INSERT INTO `votos` VALUES (3875317289, 1441, 398, 090942, 101529, 0);
INSERT INTO `votos` VALUES (3875317289, 1441, 894, 090942, 101529, 0);
INSERT INTO `votos` VALUES (3875317289, 1441, 749, 090942, 101529, 0);
INSERT INTO `votos` VALUES (3875317289, 1441, 754, 090942, 101529, 0);
INSERT INTO `votos` VALUES (3875317289, 1441, 390, 090942, 101529, 0);
INSERT INTO `votos` VALUES (3875317289, 1441, 508, 090942, 101529, 0);
INSERT INTO `votos` VALUES (3875317289, 1441, 545, 090942, 101529, 0);
INSERT INTO `votos` VALUES (3875317289, 1441, 363, 090942, 101529, 0);
INSERT INTO `votos` VALUES (3875317289, 1441, 700, 090942, 101529, 0);
INSERT INTO `votos` VALUES (3875317289, 1441, 388, 090942, 101529, 0);
INSERT INTO `votos` VALUES (3875317289, 1441, 833, 090942, 101529, 0);
INSERT INTO `votos` VALUES (3886548961, 6784, 48, 090947, 101542, 0);
INSERT INTO `votos` VALUES (3886548961, 6784, 6787, 090947, 101542, 0);
INSERT INTO `votos` VALUES (3886548961, 6784, 81, 090947, 101542, 0);
INSERT INTO `votos` VALUES (3886548961, 6784, 6793, 090947, 101542, 0);
INSERT INTO `votos` VALUES (3886548961, 6784, 187, 090947, 101542, 0);
INSERT INTO `votos` VALUES (3886548961, 6784, 6794, 090947, 101542, 0);
INSERT INTO `votos` VALUES (3886548961, 6784, 195, 090947, 101542, 0);
INSERT INTO `votos` VALUES (3886548961, 6784, 6798, 090947, 101542, 0);
INSERT INTO `votos` VALUES (3886548961, 6784, 256, 090947, 101542, 0);
INSERT INTO `votos` VALUES (3886548961, 6784, 6782, 090947, 101542, 0);
INSERT INTO `votos` VALUES (3886548961, 6784, 286, 090947, 101542, 0);
INSERT INTO `votos` VALUES (3886548961, 6784, 6805, 090947, 101542, 0);
INSERT INTO `votos` VALUES (3886548961, 6784, 388, 090947, 101542, 0);
INSERT INTO `votos` VALUES (3886548961, 6784, 6806, 090947, 101542, 0);
INSERT INTO `votos` VALUES (3886548961, 6784, 413, 090947, 101542, 0);
INSERT INTO `votos` VALUES (3886548961, 6784, 6813, 090947, 101542, 0);
INSERT INTO `votos` VALUES (3886548961, 6784, 517, 090947, 101542, 0);
INSERT INTO `votos` VALUES (3886548961, 6784, 6819, 090947, 101542, 0);
INSERT INTO `votos` VALUES (3886548961, 6784, 623, 090947, 101542, 0);
INSERT INTO `votos` VALUES (3886548961, 6784, 6820, 090947, 101542, 0);
INSERT INTO `votos` VALUES (3886548961, 6784, 633, 090947, 101542, 0);
INSERT INTO `votos` VALUES (3875056955, 3201, 71, 091001, 101554, 0);
INSERT INTO `votos` VALUES (3875056955, 3201, 165, 091001, 101554, 0);
INSERT INTO `votos` VALUES (3875056955, 3201, 444, 091001, 101554, 0);
INSERT INTO `votos` VALUES (3875056955, 3201, 532, 091001, 101554, 0);
INSERT INTO `votos` VALUES (3875056955, 3201, 15, 091001, 101554, 0);
INSERT INTO `votos` VALUES (3875056955, 3201, 115, 091001, 101554, 0);
INSERT INTO `votos` VALUES (3875056955, 3201, 44, 091001, 101554, 0);
INSERT INTO `votos` VALUES (3875056955, 3201, 199, 091001, 101554, 0);
INSERT INTO `votos` VALUES (3875056955, 3201, 496, 091001, 101554, 0);
INSERT INTO `votos` VALUES (3875056955, 3201, 495, 091001, 101554, 0);
INSERT INTO `votos` VALUES (3875056955, 3201, 370, 091001, 101554, 0);
INSERT INTO `votos` VALUES (3874828167, 11341, 114, 091026, 101614, 0);
INSERT INTO `votos` VALUES (3874828167, 11341, 418, 091026, 101614, 0);
INSERT INTO `votos` VALUES (3874828167, 11341, 1021, 091026, 101614, 0);
INSERT INTO `votos` VALUES (3874828167, 11341, 1022, 091026, 101614, 0);
INSERT INTO `votos` VALUES (3874828167, 11341, 995, 091026, 101614, 0);
INSERT INTO `votos` VALUES (3874828167, 11341, 567, 091026, 101614, 0);
INSERT INTO `votos` VALUES (3874828167, 11341, 471, 091026, 101614, 0);
INSERT INTO `votos` VALUES (3874828167, 11341, 475, 091026, 101614, 0);
INSERT INTO `votos` VALUES (3874828167, 11341, 282, 091026, 101614, 0);
INSERT INTO `votos` VALUES (3874828167, 11341, 629, 091026, 101614, 0);
INSERT INTO `votos` VALUES (3874828167, 11341, 16, 091026, 101614, 0);
INSERT INTO `votos` VALUES (3874828167, 11341, 611, 091026, 101614, 0);
INSERT INTO `votos` VALUES (3874828167, 11341, 887, 091026, 101614, 0);
INSERT INTO `votos` VALUES (3874828167, 11341, 445, 091026, 101614, 0);
INSERT INTO `votos` VALUES (3874828167, 11341, 392, 091026, 101614, 0);
INSERT INTO `votos` VALUES (3874828167, 11341, 595, 091026, 101614, 0);
INSERT INTO `votos` VALUES (3875317289, 6341, 464, 091103, 101649, 0);
INSERT INTO `votos` VALUES (3875317289, 6341, 852, 091103, 101649, 0);
INSERT INTO `votos` VALUES (3875317289, 6341, 310, 091103, 101649, 0);
INSERT INTO `votos` VALUES (3875317289, 6341, 354, 091103, 101649, 0);
INSERT INTO `votos` VALUES (3875317289, 6341, 689, 091103, 101649, 0);
INSERT INTO `votos` VALUES (3875317289, 6341, 895, 091103, 101649, 0);
INSERT INTO `votos` VALUES (3875317289, 6341, 321, 091103, 101649, 0);
INSERT INTO `votos` VALUES (3875317289, 6341, 335, 091103, 101649, 0);
INSERT INTO `votos` VALUES (3875317289, 6341, 78, 091103, 101649, 0);
INSERT INTO `votos` VALUES (3875317289, 6341, 44, 091103, 101649, 0);
INSERT INTO `votos` VALUES (3875317289, 6341, 230, 091103, 101649, 0);
INSERT INTO `votos` VALUES (3875317289, 6341, 115, 091103, 101649, 0);
INSERT INTO `votos` VALUES (3875317289, 6341, 184, 091103, 101649, 0);
INSERT INTO `votos` VALUES (3875056955, 3241, 70, 091139, 101733, 0);
INSERT INTO `votos` VALUES (3875056955, 3241, 298, 091139, 101733, 0);
INSERT INTO `votos` VALUES (3875056955, 3241, 359, 091139, 101733, 0);
INSERT INTO `votos` VALUES (3875056955, 3241, 212, 091139, 101733, 0);
INSERT INTO `votos` VALUES (3875056955, 3241, 302, 091139, 101733, 0);
INSERT INTO `votos` VALUES (3875056955, 3241, 28, 091139, 101733, 0);
INSERT INTO `votos` VALUES (3875056955, 3241, 616, 091139, 101733, 0);
INSERT INTO `votos` VALUES (3875056955, 3241, 611, 091139, 101733, 0);
INSERT INTO `votos` VALUES (3875056955, 3241, 780, 091139, 101733, 0);
INSERT INTO `votos` VALUES (3875056955, 3241, 667, 091139, 101733, 0);
INSERT INTO `votos` VALUES (3875056955, 3241, 625, 091139, 101733, 0);
INSERT INTO `votos` VALUES (3875056955, 3241, 830, 091139, 101733, 0);
INSERT INTO `votos` VALUES (3875056955, 3241, 613, 091139, 101733, 0);
INSERT INTO `votos` VALUES (3876840041, 10201, 29, 091147, 101745, 0);
INSERT INTO `votos` VALUES (3876840041, 10201, 144, 091147, 101745, 0);
INSERT INTO `votos` VALUES (3876840041, 10201, 172, 091147, 101745, 0);
INSERT INTO `votos` VALUES (3876840041, 10201, 54, 091147, 101745, 0);
INSERT INTO `votos` VALUES (3876840041, 10201, 654, 091147, 101745, 0);
INSERT INTO `votos` VALUES (3876840041, 10201, 457, 091147, 101745, 0);
INSERT INTO `votos` VALUES (3876840041, 10201, 348, 091147, 101745, 0);
INSERT INTO `votos` VALUES (3876840041, 10201, 636, 091147, 101745, 0);
INSERT INTO `votos` VALUES (3876840041, 10201, 655, 091147, 101745, 0);
INSERT INTO `votos` VALUES (3876840041, 10201, 85, 091147, 101745, 0);
INSERT INTO `votos` VALUES (3876840041, 10201, 475, 091147, 101745, 0);
INSERT INTO `votos` VALUES (3876840041, 10201, 142, 091147, 101745, 0);
INSERT INTO `votos` VALUES (3876840041, 10201, 163, 091147, 101745, 0);
INSERT INTO `votos` VALUES (3876840041, 10201, 286, 091147, 101745, 0);
INSERT INTO `votos` VALUES (3876840041, 10201, 402, 091147, 101745, 0);
INSERT INTO `votos` VALUES (3876840041, 10201, 482, 091147, 101745, 0);
INSERT INTO `votos` VALUES (3875317289, 6381, 569, 091216, 101805, 0);
INSERT INTO `votos` VALUES (3875317289, 6381, 571, 091216, 101805, 0);
INSERT INTO `votos` VALUES (3875317289, 6381, 820, 091216, 101805, 0);
INSERT INTO `votos` VALUES (3875317289, 6381, 544, 091216, 101805, 0);
INSERT INTO `votos` VALUES (3875317289, 6381, 624, 091216, 101805, 0);
INSERT INTO `votos` VALUES (3875317289, 6381, 467, 091216, 101805, 0);
INSERT INTO `votos` VALUES (3875317289, 6381, 75, 091216, 101805, 0);
INSERT INTO `votos` VALUES (3875317289, 6381, 291, 091216, 101805, 0);
INSERT INTO `votos` VALUES (3875317289, 6381, 313, 091216, 101805, 0);
INSERT INTO `votos` VALUES (3875317289, 6381, 790, 091216, 101805, 0);
INSERT INTO `votos` VALUES (3875317289, 6381, 706, 091216, 101805, 0);
INSERT INTO `votos` VALUES (3875317289, 6381, 794, 091216, 101805, 0);
INSERT INTO `votos` VALUES (3875317289, 6381, 788, 091216, 101805, 0);
INSERT INTO `votos` VALUES (3875056955, 8081, 388, 091249, 101841, 0);
INSERT INTO `votos` VALUES (3875056955, 8081, 111, 091249, 101841, 0);
INSERT INTO `votos` VALUES (3875056955, 8081, 573, 091249, 101841, 0);
INSERT INTO `votos` VALUES (3875056955, 8081, 166, 091249, 101841, 0);
INSERT INTO `votos` VALUES (3875056955, 8081, 322, 091249, 101841, 0);
INSERT INTO `votos` VALUES (3875056955, 8081, 253, 091249, 101841, 0);
INSERT INTO `votos` VALUES (3875056955, 8081, 406, 091249, 101841, 0);
INSERT INTO `votos` VALUES (3875056955, 8081, 498, 091249, 101841, 0);
INSERT INTO `votos` VALUES (3875056955, 8081, 178, 091249, 101841, 0);
INSERT INTO `votos` VALUES (3886548961, 11581, 30, 091727, 101853, 0);
INSERT INTO `votos` VALUES (3886548961, 11581, 76, 091727, 101853, 0);
INSERT INTO `votos` VALUES (3886548961, 11581, 78, 091727, 101853, 0);
INSERT INTO `votos` VALUES (3886548961, 11581, 144, 091727, 101853, 0);
INSERT INTO `votos` VALUES (3886548961, 11581, 200, 091727, 101853, 0);
INSERT INTO `votos` VALUES (3886548961, 11581, 286, 091727, 101853, 0);
INSERT INTO `votos` VALUES (3886548961, 11581, 310, 091727, 101853, 0);
INSERT INTO `votos` VALUES (3886548961, 11581, 459, 091727, 101853, 0);
INSERT INTO `votos` VALUES (3886548961, 11581, 597, 091727, 101853, 0);
INSERT INTO `votos` VALUES (3886548961, 11581, 656, 091727, 101853, 0);
INSERT INTO `votos` VALUES (3886548961, 11581, 830, 091727, 101853, 0);
INSERT INTO `votos` VALUES (3886548961, 11581, 836, 091727, 101853, 0);
INSERT INTO `votos` VALUES (3886548961, 11581, 843, 091727, 101853, 0);
INSERT INTO `votos` VALUES (3886548961, 11581, 459, 091727, 101853, 0);
INSERT INTO `votos` VALUES (3886548961, 11581, 855, 091727, 101853, 0);
INSERT INTO `votos` VALUES (3886548961, 11581, 868, 091727, 101853, 0);
INSERT INTO `votos` VALUES (3886548961, 11581, 883, 091727, 101853, 0);
INSERT INTO `votos` VALUES (3886548961, 11581, 911, 091727, 101853, 0);
INSERT INTO `votos` VALUES (3886548961, 11581, 1030, 091727, 101853, 0);
INSERT INTO `votos` VALUES (3886548961, 11581, 1066, 091727, 101853, 0);
INSERT INTO `votos` VALUES (3875165031, 10281, 48, 091414, 102007, 0);
INSERT INTO `votos` VALUES (3875165031, 10281, 197, 091414, 102007, 0);
INSERT INTO `votos` VALUES (3875165031, 10281, 217, 091414, 102007, 0);
INSERT INTO `votos` VALUES (3875165031, 10281, 272, 091414, 102007, 0);
INSERT INTO `votos` VALUES (3875165031, 10281, 303, 091414, 102007, 0);
INSERT INTO `votos` VALUES (3875165031, 10281, 614, 091414, 102007, 0);
INSERT INTO `votos` VALUES (3875165031, 10281, 267, 091414, 102007, 0);
INSERT INTO `votos` VALUES (3875165031, 10281, 543, 091414, 102007, 0);
INSERT INTO `votos` VALUES (3875165031, 10281, 437, 091414, 102007, 0);
INSERT INTO `votos` VALUES (3875165031, 10281, 649, 091414, 102007, 0);
INSERT INTO `votos` VALUES (3875165031, 10281, 583, 091414, 102007, 0);
INSERT INTO `votos` VALUES (3875165031, 10281, 650, 091414, 102007, 0);
INSERT INTO `votos` VALUES (3875165031, 10281, 275, 091414, 102007, 0);
INSERT INTO `votos` VALUES (3875056955, 8121, 79, 091451, 102042, 0);
INSERT INTO `votos` VALUES (3875056955, 8121, 285, 091451, 102042, 0);
INSERT INTO `votos` VALUES (3875056955, 8121, 295, 091451, 102042, 0);
INSERT INTO `votos` VALUES (3875056955, 8121, 398, 091451, 102042, 0);
INSERT INTO `votos` VALUES (3875056955, 8121, 499, 091451, 102042, 0);
INSERT INTO `votos` VALUES (3875056955, 8121, 508, 091451, 102042, 0);
INSERT INTO `votos` VALUES (3875056955, 8121, 543, 091451, 102042, 0);
INSERT INTO `votos` VALUES (3875056955, 8121, 641, 091451, 102042, 0);
INSERT INTO `votos` VALUES (3875056955, 8121, 719, 091451, 102042, 0);
INSERT INTO `votos` VALUES (3875056955, 8121, 824, 091451, 102042, 0);
INSERT INTO `votos` VALUES (3875056955, 8121, 652, 091451, 102042, 0);
INSERT INTO `votos` VALUES (3875056955, 8121, 761, 091451, 102042, 0);
INSERT INTO `votos` VALUES (3875056955, 8121, 236, 091451, 102042, 0);
INSERT INTO `votos` VALUES (3875056955, 8121, 222, 091451, 102042, 0);
INSERT INTO `votos` VALUES (3875056955, 8121, 615, 091451, 102042, 0);
INSERT INTO `votos` VALUES (3875056955, 8121, 705, 091451, 102042, 0);
INSERT INTO `votos` VALUES (3886548961, 6741, 51, 092124, 102133, 0);
INSERT INTO `votos` VALUES (3886548961, 6741, 109, 092124, 102133, 0);
INSERT INTO `votos` VALUES (3886548961, 6741, 243, 092124, 102133, 0);
INSERT INTO `votos` VALUES (3886548961, 6741, 307, 092124, 102133, 0);
INSERT INTO `votos` VALUES (3886548961, 6741, 310, 092124, 102133, 0);
INSERT INTO `votos` VALUES (3886548961, 6741, 639, 092124, 102133, 0);
INSERT INTO `votos` VALUES (3886548961, 6741, 654, 092124, 102133, 0);
INSERT INTO `votos` VALUES (3886548961, 6741, 215, 092124, 102133, 0);
INSERT INTO `votos` VALUES (3874143422, 10241, 280, 091615, 102208, 0);
INSERT INTO `votos` VALUES (3874143422, 10241, 421, 091615, 102208, 0);
INSERT INTO `votos` VALUES (3874143422, 10241, 503, 091615, 102208, 0);
INSERT INTO `votos` VALUES (3874143422, 10241, 505, 091615, 102208, 0);
INSERT INTO `votos` VALUES (3874143422, 10241, 576, 091615, 102208, 0);
INSERT INTO `votos` VALUES (3874143422, 10241, 507, 091615, 102208, 0);
INSERT INTO `votos` VALUES (3874143422, 10241, 896, 091615, 102208, 0);
INSERT INTO `votos` VALUES (3874143422, 10241, 513, 091615, 102208, 0);
INSERT INTO `votos` VALUES (3874143422, 10241, 260, 091615, 102208, 0);
INSERT INTO `votos` VALUES (3874143422, 10241, 757, 091615, 102208, 0);
INSERT INTO `votos` VALUES (3874143422, 10241, 736, 091615, 102208, 0);
INSERT INTO `votos` VALUES (3874143422, 10241, 817, 091615, 102208, 0);
INSERT INTO `votos` VALUES (3875056955, 8161, 293, 091621, 102208, 0);
INSERT INTO `votos` VALUES (3875056955, 8161, 324, 091621, 102208, 0);
INSERT INTO `votos` VALUES (3875056955, 8161, 460, 091621, 102208, 0);
INSERT INTO `votos` VALUES (3875056955, 8161, 570, 091621, 102208, 0);
INSERT INTO `votos` VALUES (3875056955, 8161, 763, 091621, 102208, 0);
INSERT INTO `votos` VALUES (3875056955, 8161, 818, 091621, 102208, 0);
INSERT INTO `votos` VALUES (3875056955, 8161, 562, 091621, 102208, 0);
INSERT INTO `votos` VALUES (3875056955, 8161, 128, 091621, 102208, 0);
INSERT INTO `votos` VALUES (3875056955, 8161, 363, 091621, 102208, 0);
INSERT INTO `votos` VALUES (3875056955, 8161, 38, 091621, 102208, 0);
INSERT INTO `votos` VALUES (3875056955, 8161, 728, 091621, 102208, 0);
INSERT INTO `votos` VALUES (3875056955, 8161, 457, 091621, 102208, 0);
INSERT INTO `votos` VALUES (3875056955, 8161, 318, 091621, 102208, 0);
INSERT INTO `votos` VALUES (3875325754, 1241, 347, 091623, 102221, 0);
INSERT INTO `votos` VALUES (3875325754, 1241, 576, 091623, 102221, 0);
INSERT INTO `votos` VALUES (3875325754, 1241, 802, 091623, 102221, 0);
INSERT INTO `votos` VALUES (3875325754, 1241, 362, 091623, 102221, 0);
INSERT INTO `votos` VALUES (3875325754, 1241, 436, 091623, 102221, 0);
INSERT INTO `votos` VALUES (3875325754, 1241, 165, 091623, 102221, 0);
INSERT INTO `votos` VALUES (3875325754, 1241, 589, 091623, 102221, 0);
INSERT INTO `votos` VALUES (3875325754, 1241, 631, 091623, 102221, 0);
INSERT INTO `votos` VALUES (3875325754, 1241, 726, 091623, 102221, 0);
INSERT INTO `votos` VALUES (3875325754, 1241, 592, 091623, 102221, 0);
INSERT INTO `votos` VALUES (3875325754, 1241, 899, 091623, 102221, 0);
INSERT INTO `votos` VALUES (3875325754, 1241, 746, 091623, 102221, 0);
INSERT INTO `votos` VALUES (3875325754, 1241, 268, 091623, 102221, 0);
INSERT INTO `votos` VALUES (3875325754, 1241, 811, 091623, 102221, 0);
INSERT INTO `votos` VALUES (3874415556, 10541, 37, 091718, 102312, 0);
INSERT INTO `votos` VALUES (3874415556, 10541, 40, 091718, 102312, 0);
INSERT INTO `votos` VALUES (3874415556, 10541, 89, 091718, 102312, 0);
INSERT INTO `votos` VALUES (3874415556, 10541, 181, 091718, 102312, 0);
INSERT INTO `votos` VALUES (3874415556, 10541, 217, 091718, 102312, 0);
INSERT INTO `votos` VALUES (3874415556, 10541, 221, 091718, 102312, 0);
INSERT INTO `votos` VALUES (3874415556, 10541, 277, 091718, 102312, 0);
INSERT INTO `votos` VALUES (3874415556, 10541, 318, 091718, 102312, 0);
INSERT INTO `votos` VALUES (3874415556, 10541, 405, 091718, 102312, 0);
INSERT INTO `votos` VALUES (3874415556, 10541, 492, 091718, 102312, 0);
INSERT INTO `votos` VALUES (3874415556, 10541, 494, 091718, 102312, 0);
INSERT INTO `votos` VALUES (3874415556, 10541, 499, 091718, 102312, 0);
INSERT INTO `votos` VALUES (3874415556, 10541, 514, 091718, 102312, 0);
INSERT INTO `votos` VALUES (3874415556, 10541, 524, 091718, 102312, 0);
INSERT INTO `votos` VALUES (3874415556, 10541, 533, 091718, 102312, 0);
INSERT INTO `votos` VALUES (3874415556, 10541, 570, 091718, 102312, 0);
INSERT INTO `votos` VALUES (3874143423, 10701, 281, 091730, 102324, 0);
INSERT INTO `votos` VALUES (3874143423, 10701, 2, 091730, 102324, 0);
INSERT INTO `votos` VALUES (3874143423, 10701, 182, 091730, 102324, 0);
INSERT INTO `votos` VALUES (3874143423, 10701, 190, 091730, 102324, 0);
INSERT INTO `votos` VALUES (3874143423, 10701, 600, 091730, 102324, 0);
INSERT INTO `votos` VALUES (3874143423, 10701, 291, 091730, 102324, 0);
INSERT INTO `votos` VALUES (3874143423, 10701, 518, 091730, 102324, 0);
INSERT INTO `votos` VALUES (3874143423, 10701, 557, 091730, 102324, 0);
INSERT INTO `votos` VALUES (3874143423, 10701, 414, 091730, 102324, 0);
INSERT INTO `votos` VALUES (3874143423, 10701, 403, 091730, 102324, 0);
INSERT INTO `votos` VALUES (3874143423, 10701, 120, 091730, 102324, 0);
INSERT INTO `votos` VALUES (3874143423, 10701, 218, 091730, 102324, 0);
INSERT INTO `votos` VALUES (3874143423, 10701, 261, 091730, 102324, 0);
INSERT INTO `votos` VALUES (3874143423, 10701, 55, 091730, 102324, 0);
INSERT INTO `votos` VALUES (3874143423, 10701, 590, 091730, 102324, 0);
INSERT INTO `votos` VALUES (3875325754, 1161, 622, 091735, 102324, 0);
INSERT INTO `votos` VALUES (3875325754, 1161, 599, 091735, 102324, 0);
INSERT INTO `votos` VALUES (3875325754, 1161, 605, 091735, 102324, 0);
INSERT INTO `votos` VALUES (3875325754, 1161, 738, 091735, 102324, 0);
INSERT INTO `votos` VALUES (3875325754, 1161, 10, 091735, 102324, 0);
INSERT INTO `votos` VALUES (3875325754, 1161, 87, 091735, 102324, 0);
INSERT INTO `votos` VALUES (3875325754, 1161, 492, 091735, 102324, 0);
INSERT INTO `votos` VALUES (3875325754, 1161, 284, 091735, 102324, 0);
INSERT INTO `votos` VALUES (3875325754, 1161, 187, 091735, 102324, 0);
INSERT INTO `votos` VALUES (3875325754, 1161, 522, 091735, 102324, 0);
INSERT INTO `votos` VALUES (3875325754, 1161, 969, 091735, 102324, 0);
INSERT INTO `votos` VALUES (3875325754, 1161, 305, 091735, 102324, 0);
INSERT INTO `votos` VALUES (3875325754, 1161, 306, 091735, 102324, 0);
INSERT INTO `votos` VALUES (3875325754, 1161, 951, 091735, 102324, 0);
INSERT INTO `votos` VALUES (3875325754, 1161, 677, 091735, 102324, 0);
INSERT INTO `votos` VALUES (3875056955, 10321, 202, 091817, 102407, 0);
INSERT INTO `votos` VALUES (3875056955, 10321, 557, 091817, 102407, 0);
INSERT INTO `votos` VALUES (3875056955, 10321, 428, 091817, 102407, 0);
INSERT INTO `votos` VALUES (3875056955, 10321, 389, 091817, 102407, 0);
INSERT INTO `votos` VALUES (3875056955, 10321, 602, 091817, 102407, 0);
INSERT INTO `votos` VALUES (3875056955, 10321, 539, 091817, 102407, 0);
INSERT INTO `votos` VALUES (3875056955, 10321, 555, 091817, 102407, 0);
INSERT INTO `votos` VALUES (3875056955, 10321, 482, 091817, 102407, 0);
INSERT INTO `votos` VALUES (3875056955, 10321, 459, 091817, 102407, 0);
INSERT INTO `votos` VALUES (3875056955, 10321, 147, 091817, 102407, 0);
INSERT INTO `votos` VALUES (3875056955, 10321, 32, 091817, 102407, 0);
INSERT INTO `votos` VALUES (3875056955, 10321, 310, 091817, 102407, 0);
INSERT INTO `votos` VALUES (3875056955, 10321, 584, 091817, 102407, 0);
INSERT INTO `votos` VALUES (3875056955, 10321, 416, 091817, 102407, 0);
INSERT INTO `votos` VALUES (3875056955, 10321, 593, 091817, 102407, 0);
INSERT INTO `votos` VALUES (3875325754, 6101, 259, 091836, 102427, 0);
INSERT INTO `votos` VALUES (3875325754, 6101, 119, 091836, 102427, 0);
INSERT INTO `votos` VALUES (3875325754, 6101, 181, 091836, 102427, 0);
INSERT INTO `votos` VALUES (3875325754, 6101, 652, 091836, 102427, 0);
INSERT INTO `votos` VALUES (3875325754, 6101, 464, 091836, 102427, 0);
INSERT INTO `votos` VALUES (3875325754, 6101, 645, 091836, 102427, 0);
INSERT INTO `votos` VALUES (3875325754, 6101, 165, 091836, 102427, 0);
INSERT INTO `votos` VALUES (3875325754, 6101, 792, 091836, 102427, 0);
INSERT INTO `votos` VALUES (3875325754, 6101, 607, 091836, 102427, 0);
INSERT INTO `votos` VALUES (3875325754, 6101, 462, 091836, 102427, 0);
INSERT INTO `votos` VALUES (3875325754, 6101, 183, 091836, 102427, 0);
INSERT INTO `votos` VALUES (3875325754, 6101, 583, 091836, 102427, 0);
INSERT INTO `votos` VALUES (3875325754, 6101, 27, 091836, 102427, 0);
INSERT INTO `votos` VALUES (3875325754, 6101, 637, 091836, 102427, 0);
INSERT INTO `votos` VALUES (3875325754, 6101, 558, 091836, 102427, 0);
INSERT INTO `votos` VALUES (3875325754, 6101, 322, 091836, 102427, 0);
INSERT INTO `votos` VALUES (3876840041, 11022, 672, 091849, 102440, 0);
INSERT INTO `votos` VALUES (3876840041, 11022, 724, 091849, 102440, 0);
INSERT INTO `votos` VALUES (3876840041, 11022, 725, 091849, 102440, 0);
INSERT INTO `votos` VALUES (3876840041, 11022, 748, 091849, 102440, 0);
INSERT INTO `votos` VALUES (3876840041, 11022, 760, 091849, 102440, 0);
INSERT INTO `votos` VALUES (3876840041, 11022, 774, 091849, 102440, 0);
INSERT INTO `votos` VALUES (3876840041, 11022, 782, 091849, 102440, 0);
INSERT INTO `votos` VALUES (3876840041, 11022, 590, 091849, 102440, 0);
INSERT INTO `votos` VALUES (3876840041, 11022, 903, 091849, 102440, 0);
INSERT INTO `votos` VALUES (3876840041, 11022, 576, 091849, 102440, 0);
INSERT INTO `votos` VALUES (3876840041, 11022, 858, 091849, 102440, 0);
INSERT INTO `votos` VALUES (3876840041, 11022, 565, 091849, 102440, 0);
INSERT INTO `votos` VALUES (3876840041, 11022, 14, 091849, 102440, 0);
INSERT INTO `votos` VALUES (3876840041, 11022, 165, 091849, 102440, 0);
INSERT INTO `votos` VALUES (3876840041, 11022, 32, 091849, 102440, 0);
INSERT INTO `votos` VALUES (3876840041, 11022, 14, 091849, 102440, 0);
INSERT INTO `votos` VALUES (3874415556, 9721, 548, 091856, 102452, 0);
INSERT INTO `votos` VALUES (3874415556, 9721, 349, 091856, 102452, 0);
INSERT INTO `votos` VALUES (3874415556, 9721, 394, 091856, 102452, 0);
INSERT INTO `votos` VALUES (3874415556, 9721, 387, 091856, 102452, 0);
INSERT INTO `votos` VALUES (3874415556, 9721, 411, 091856, 102452, 0);
INSERT INTO `votos` VALUES (3874415556, 9721, 514, 091856, 102452, 0);
INSERT INTO `votos` VALUES (3874415556, 9721, 256, 091856, 102452, 0);
INSERT INTO `votos` VALUES (3874415556, 9721, 452, 091856, 102452, 0);
INSERT INTO `votos` VALUES (3874415556, 9721, 76, 091856, 102452, 0);
INSERT INTO `votos` VALUES (3874415556, 9721, 156, 091856, 102452, 0);
INSERT INTO `votos` VALUES (3874415556, 9721, 80, 091856, 102452, 0);
INSERT INTO `votos` VALUES (3874415556, 9721, 136, 091856, 102452, 0);
INSERT INTO `votos` VALUES (3874415556, 9721, 177, 091856, 102452, 0);
INSERT INTO `votos` VALUES (3876840041, 11021, 3, 091913, 102505, 0);
INSERT INTO `votos` VALUES (3876840041, 11021, 45, 091913, 102505, 0);
INSERT INTO `votos` VALUES (3876840041, 11021, 119, 091913, 102505, 0);
INSERT INTO `votos` VALUES (3876840041, 11021, 120, 091913, 102505, 0);
INSERT INTO `votos` VALUES (3876840041, 11021, 136, 091913, 102505, 0);
INSERT INTO `votos` VALUES (3876840041, 11021, 170, 091913, 102505, 0);
INSERT INTO `votos` VALUES (3876840041, 11021, 264, 091913, 102505, 0);
INSERT INTO `votos` VALUES (3876840041, 11021, 290, 091913, 102505, 0);
INSERT INTO `votos` VALUES (3876840041, 11021, 293, 091913, 102505, 0);
INSERT INTO `votos` VALUES (3876840041, 11021, 243, 091913, 102505, 0);
INSERT INTO `votos` VALUES (3876840041, 11021, 313, 091913, 102505, 0);
INSERT INTO `votos` VALUES (3876840041, 11021, 363, 091913, 102505, 0);
INSERT INTO `votos` VALUES (3876840041, 11021, 579, 091913, 102505, 0);
INSERT INTO `votos` VALUES (3876840041, 11021, 591, 091913, 102505, 0);
INSERT INTO `votos` VALUES (3876840041, 11021, 605, 091913, 102505, 0);
INSERT INTO `votos` VALUES (3876840041, 11021, 606, 091913, 102505, 0);
INSERT INTO `votos` VALUES (3874143422, 7881, 126, 091945, 102532, 0);
INSERT INTO `votos` VALUES (3874143422, 7881, 634, 091945, 102532, 0);
INSERT INTO `votos` VALUES (3874143422, 7881, 519, 091945, 102532, 0);
INSERT INTO `votos` VALUES (3874143422, 7881, 723, 091945, 102532, 0);
INSERT INTO `votos` VALUES (3874143422, 7881, 484, 091945, 102532, 0);
INSERT INTO `votos` VALUES (3874143422, 7881, 382, 091945, 102532, 0);
INSERT INTO `votos` VALUES (3874143422, 7881, 911, 091945, 102532, 0);
INSERT INTO `votos` VALUES (3874143422, 7881, 510, 091945, 102532, 0);
INSERT INTO `votos` VALUES (3874143422, 7881, 746, 091945, 102532, 0);
INSERT INTO `votos` VALUES (3874143422, 7881, 49, 091945, 102532, 0);
INSERT INTO `votos` VALUES (3875056955, 11142, 792, 092014, 102600, 0);
INSERT INTO `votos` VALUES (3875056955, 11142, 793, 092014, 102600, 0);
INSERT INTO `votos` VALUES (3875056955, 11142, 23, 092014, 102600, 0);
INSERT INTO `votos` VALUES (3875056955, 11142, 503, 092014, 102600, 0);
INSERT INTO `votos` VALUES (3875056955, 11142, 450, 092014, 102600, 0);
INSERT INTO `votos` VALUES (3875056955, 11142, 810, 092014, 102600, 0);
INSERT INTO `votos` VALUES (3875056955, 11142, 730, 092014, 102600, 0);
INSERT INTO `votos` VALUES (3875056955, 11142, 404, 092014, 102600, 0);
INSERT INTO `votos` VALUES (3875056955, 11142, 370, 092014, 102600, 0);
INSERT INTO `votos` VALUES (3875056955, 11142, 167, 092014, 102600, 0);
INSERT INTO `votos` VALUES (3875056955, 11142, 47, 092014, 102600, 0);
INSERT INTO `votos` VALUES (3875056955, 11142, 431, 092014, 102600, 0);
INSERT INTO `votos` VALUES (3875056955, 11142, 178, 092014, 102600, 0);
INSERT INTO `votos` VALUES (3875056955, 11142, 142, 092014, 102600, 0);
INSERT INTO `votos` VALUES (3875056955, 11142, 236, 092014, 102600, 0);
INSERT INTO `votos` VALUES (3875056955, 11142, 752, 092014, 102600, 0);
INSERT INTO `votos` VALUES (3874143423, 9881, 72, 092221, 102815, 0);
INSERT INTO `votos` VALUES (3874143423, 9881, 289, 092221, 102815, 0);
INSERT INTO `votos` VALUES (3874143423, 9881, 374, 092221, 102815, 0);
INSERT INTO `votos` VALUES (3874143423, 9881, 443, 092221, 102815, 0);
INSERT INTO `votos` VALUES (3874143423, 9881, 500, 092221, 102815, 0);
INSERT INTO `votos` VALUES (3874143423, 9881, 506, 092221, 102815, 0);
INSERT INTO `votos` VALUES (3874143423, 9881, 533, 092221, 102815, 0);
INSERT INTO `votos` VALUES (3874143423, 9881, 641, 092221, 102815, 0);
INSERT INTO `votos` VALUES (3874143423, 9881, 642, 092221, 102815, 0);
INSERT INTO `votos` VALUES (3874143423, 9881, 249, 092221, 102815, 0);
INSERT INTO `votos` VALUES (3874143423, 9881, 418, 092221, 102815, 0);
INSERT INTO `votos` VALUES (3874143423, 9881, 319, 092221, 102815, 0);
INSERT INTO `votos` VALUES (3874143423, 9881, 155, 092221, 102815, 0);
INSERT INTO `votos` VALUES (3874143423, 9881, 325, 092221, 102815, 0);
INSERT INTO `votos` VALUES (3874143423, 9881, 554, 092221, 102815, 0);
INSERT INTO `votos` VALUES (3874143423, 9881, 244, 092221, 102815, 0);
INSERT INTO `votos` VALUES (3874638502, 11861, 1, 092244, 102835, 0);
INSERT INTO `votos` VALUES (3874638502, 11861, 24, 092244, 102835, 0);
INSERT INTO `votos` VALUES (3874638502, 11861, 29, 092244, 102835, 0);
INSERT INTO `votos` VALUES (3874638502, 11861, 70, 092244, 102835, 0);
INSERT INTO `votos` VALUES (3874638502, 11861, 154, 092244, 102835, 0);
INSERT INTO `votos` VALUES (3874638502, 11861, 159, 092244, 102835, 0);
INSERT INTO `votos` VALUES (3874638502, 11861, 196, 092244, 102835, 0);
INSERT INTO `votos` VALUES (3874638502, 11861, 234, 092244, 102835, 0);
INSERT INTO `votos` VALUES (3874638502, 11861, 245, 092244, 102835, 0);
INSERT INTO `votos` VALUES (3874638502, 11861, 248, 092244, 102835, 0);
INSERT INTO `votos` VALUES (3874638502, 11861, 283, 092244, 102835, 0);
INSERT INTO `votos` VALUES (3874638502, 11861, 307, 092244, 102835, 0);
INSERT INTO `votos` VALUES (3874638502, 11861, 309, 092244, 102835, 0);
INSERT INTO `votos` VALUES (3874638502, 11861, 330, 092244, 102835, 0);
INSERT INTO `votos` VALUES (3874638502, 11861, 361, 092244, 102835, 0);
INSERT INTO `votos` VALUES (3874638502, 11861, 362, 092244, 102835, 0);
INSERT INTO `votos` VALUES (3875987795, 4181, 28, 092312, 102902, 0);
INSERT INTO `votos` VALUES (3875987795, 4181, 137, 092312, 102902, 0);
INSERT INTO `votos` VALUES (3875987795, 4181, 205, 092312, 102902, 0);
INSERT INTO `votos` VALUES (3875987795, 4181, 221, 092312, 102902, 0);
INSERT INTO `votos` VALUES (3875987795, 4181, 485, 092312, 102902, 0);
INSERT INTO `votos` VALUES (3875987795, 4181, 506, 092312, 102902, 0);
INSERT INTO `votos` VALUES (3875987795, 4181, 527, 092312, 102902, 0);
INSERT INTO `votos` VALUES (3875324651, 11621, 020, 092337, 102930, 0);
INSERT INTO `votos` VALUES (3875324651, 11621, 179, 092337, 102930, 0);
INSERT INTO `votos` VALUES (3875324651, 11621, 254, 092337, 102930, 0);
INSERT INTO `votos` VALUES (3875324651, 11621, 276, 092337, 102930, 0);
INSERT INTO `votos` VALUES (3875324651, 11621, 296, 092337, 102930, 0);
INSERT INTO `votos` VALUES (3875324651, 11621, 322, 092337, 102930, 0);
INSERT INTO `votos` VALUES (3875324651, 11621, 280, 092337, 102930, 0);
INSERT INTO `votos` VALUES (3875324651, 11621, 379, 092337, 102930, 0);
INSERT INTO `votos` VALUES (3875324651, 11621, 404, 092337, 102930, 0);
INSERT INTO `votos` VALUES (3875324651, 11621, 527, 092337, 102930, 0);
INSERT INTO `votos` VALUES (3875324651, 11621, 608, 092337, 102930, 0);
INSERT INTO `votos` VALUES (3875324651, 11621, 804, 092337, 102930, 0);
INSERT INTO `votos` VALUES (3875324651, 11621, 819, 092337, 102930, 0);
INSERT INTO `votos` VALUES (3875324651, 11621, 822, 092337, 102930, 0);
INSERT INTO `votos` VALUES (3875324651, 11621, 016, 092337, 102930, 0);
INSERT INTO `votos` VALUES (3875324651, 11621, 477, 092337, 102930, 0);
INSERT INTO `votos` VALUES (3874638502, 11862, 383, 092500, 103052, 0);
INSERT INTO `votos` VALUES (3874638502, 11862, 440, 092500, 103052, 0);
INSERT INTO `votos` VALUES (3874638502, 11862, 465, 092500, 103052, 0);
INSERT INTO `votos` VALUES (3874638502, 11862, 466, 092500, 103052, 0);
INSERT INTO `votos` VALUES (3874638502, 11862, 471, 092500, 103052, 0);
INSERT INTO `votos` VALUES (3874638502, 11862, 500, 092500, 103052, 0);
INSERT INTO `votos` VALUES (3874638502, 11862, 623, 092500, 103052, 0);
INSERT INTO `votos` VALUES (3874638502, 11862, 559, 092500, 103052, 0);
INSERT INTO `votos` VALUES (3874638502, 11862, 242, 092500, 103052, 0);
INSERT INTO `votos` VALUES (3874638502, 11862, 565, 092500, 103052, 0);
INSERT INTO `votos` VALUES (3874638502, 11862, 566, 092500, 103052, 0);
INSERT INTO `votos` VALUES (3874638502, 11862, 384, 092500, 103052, 0);
INSERT INTO `votos` VALUES (3874638502, 11862, 697, 092500, 103052, 0);
INSERT INTO `votos` VALUES (3874638502, 11862, 716, 092500, 103052, 0);
INSERT INTO `votos` VALUES (3874638502, 11862, 728, 092500, 103052, 0);
INSERT INTO `votos` VALUES (3874638502, 11862, 766, 092500, 103052, 0);
INSERT INTO `votos` VALUES (3874114350, 11421, 17, 092544, 103135, 0);
INSERT INTO `votos` VALUES (3874114350, 11421, 728, 092544, 103135, 0);
INSERT INTO `votos` VALUES (3874114350, 11421, 6, 092544, 103135, 0);
INSERT INTO `votos` VALUES (3874114350, 11421, 846, 092544, 103135, 0);
INSERT INTO `votos` VALUES (3874114350, 11421, 124, 092544, 103135, 0);
INSERT INTO `votos` VALUES (3874114350, 11421, 360, 092544, 103135, 0);
INSERT INTO `votos` VALUES (3874114350, 11421, 309, 092544, 103135, 0);
INSERT INTO `votos` VALUES (3874114350, 11421, 164, 092544, 103135, 0);
INSERT INTO `votos` VALUES (3874114350, 11421, 565, 092544, 103135, 0);
INSERT INTO `votos` VALUES (3874114350, 11421, 289, 092544, 103135, 0);
INSERT INTO `votos` VALUES (3874114350, 11421, 612, 092544, 103135, 0);
INSERT INTO `votos` VALUES (3874114350, 11421, 389, 092544, 103135, 0);
INSERT INTO `votos` VALUES (3874114350, 11421, 607, 092544, 103135, 0);
INSERT INTO `votos` VALUES (3874114350, 11421, 776, 092544, 103135, 0);
INSERT INTO `votos` VALUES (3874114350, 11421, 537, 092544, 103135, 0);
INSERT INTO `votos` VALUES (3875324651, 6821, 061, 092544, 103147, 0);
INSERT INTO `votos` VALUES (3875324651, 6821, 082, 092544, 103147, 0);
INSERT INTO `votos` VALUES (3875324651, 6821, 331, 092544, 103147, 0);
INSERT INTO `votos` VALUES (3875324651, 6821, 482, 092544, 103147, 0);
INSERT INTO `votos` VALUES (3875324651, 6821, 483, 092544, 103147, 0);
INSERT INTO `votos` VALUES (3875324651, 6821, 359, 092544, 103147, 0);
INSERT INTO `votos` VALUES (3875324651, 6821, 482, 092544, 103147, 0);
INSERT INTO `votos` VALUES (3875324651, 6821, 216, 092544, 103147, 0);
INSERT INTO `votos` VALUES (3875324651, 6821, 520, 092544, 103147, 0);
INSERT INTO `votos` VALUES (3875324651, 6821, 521, 092544, 103147, 0);
INSERT INTO `votos` VALUES (3875324651, 6821, 585, 092544, 103147, 0);
INSERT INTO `votos` VALUES (3875324651, 6821, 780, 092544, 103147, 0);
INSERT INTO `votos` VALUES (3875324651, 6821, 793, 092544, 103147, 0);
INSERT INTO `votos` VALUES (3875324651, 6821, 839, 092544, 103147, 0);
INSERT INTO `votos` VALUES (3875324651, 6821, 842, 092544, 103147, 0);
INSERT INTO `votos` VALUES (3875324651, 6821, 548, 092544, 103147, 0);
INSERT INTO `votos` VALUES (3875325754, 6061, 793, 092630, 103223, 0);
INSERT INTO `votos` VALUES (3875325754, 6061, 554, 092630, 103223, 0);
INSERT INTO `votos` VALUES (3875325754, 6061, 138, 092630, 103223, 0);
INSERT INTO `votos` VALUES (3875325754, 6061, 446, 092630, 103223, 0);
INSERT INTO `votos` VALUES (3875325754, 6061, 681, 092630, 103223, 0);
INSERT INTO `votos` VALUES (3875325754, 6061, 166, 092630, 103223, 0);
INSERT INTO `votos` VALUES (3875325754, 6061, 783, 092630, 103223, 0);
INSERT INTO `votos` VALUES (3875325754, 6061, 298, 092630, 103223, 0);
INSERT INTO `votos` VALUES (3875325754, 6061, 76, 092630, 103223, 0);
INSERT INTO `votos` VALUES (3875325754, 6061, 262, 092630, 103223, 0);
INSERT INTO `votos` VALUES (3875325754, 6061, 418, 092630, 103223, 0);
INSERT INTO `votos` VALUES (3875325754, 6061, 401, 092630, 103223, 0);
INSERT INTO `votos` VALUES (3875325754, 6061, 677, 092630, 103223, 0);
INSERT INTO `votos` VALUES (3875325754, 6061, 748, 092630, 103223, 0);
INSERT INTO `votos` VALUES (3875317289, 1481, 894, 092643, 103235, 0);
INSERT INTO `votos` VALUES (3875317289, 1481, 398, 092643, 103235, 0);
INSERT INTO `votos` VALUES (3875317289, 1481, 837, 092643, 103235, 0);
INSERT INTO `votos` VALUES (3875317289, 1481, 196, 092643, 103235, 0);
INSERT INTO `votos` VALUES (3875317289, 1481, 83, 092643, 103235, 0);
INSERT INTO `votos` VALUES (3875317289, 1481, 723, 092643, 103235, 0);
INSERT INTO `votos` VALUES (3875317289, 1481, 648, 092643, 103235, 0);
INSERT INTO `votos` VALUES (3875317289, 1481, 616, 092643, 103235, 0);
INSERT INTO `votos` VALUES (3875317289, 1481, 660, 092643, 103235, 0);
INSERT INTO `votos` VALUES (3875317289, 1481, 487, 092643, 103235, 0);
INSERT INTO `votos` VALUES (3875317289, 1481, 31, 092643, 103235, 0);
INSERT INTO `votos` VALUES (3875317289, 1481, 146, 092643, 103235, 0);
INSERT INTO `votos` VALUES (3875317289, 1481, 105, 092643, 103235, 0);
INSERT INTO `votos` VALUES (3874143423, 1561, 92, 092754, 103341, 0);
INSERT INTO `votos` VALUES (3874143423, 1561, 193, 092754, 103341, 0);
INSERT INTO `votos` VALUES (3874143423, 1561, 195, 092754, 103341, 0);
INSERT INTO `votos` VALUES (3874143423, 1561, 466, 092754, 103341, 0);
INSERT INTO `votos` VALUES (3874143423, 1561, 520, 092754, 103341, 0);
INSERT INTO `votos` VALUES (3874143423, 1561, 449, 092754, 103341, 0);
INSERT INTO `votos` VALUES (3874143423, 1561, 173, 092754, 103341, 0);
INSERT INTO `votos` VALUES (3874143423, 1561, 628, 092754, 103341, 0);
INSERT INTO `votos` VALUES (3875324651, 6861, 041, 092808, 103401, 0);
INSERT INTO `votos` VALUES (3875324651, 6861, 104, 092808, 103401, 0);
INSERT INTO `votos` VALUES (3875324651, 6861, 278, 092808, 103401, 0);
INSERT INTO `votos` VALUES (3875324651, 6861, 147, 092808, 103401, 0);
INSERT INTO `votos` VALUES (3875324651, 6861, 361, 092808, 103401, 0);
INSERT INTO `votos` VALUES (3875324651, 6861, 487, 092808, 103401, 0);
INSERT INTO `votos` VALUES (3875324651, 6861, 525, 092808, 103401, 0);
INSERT INTO `votos` VALUES (3875324651, 6861, 534, 092808, 103401, 0);
INSERT INTO `votos` VALUES (3875324651, 6861, 704, 092808, 103401, 0);
INSERT INTO `votos` VALUES (3875324651, 6861, 828, 092808, 103401, 0);
INSERT INTO `votos` VALUES (3875324651, 6861, 148, 092808, 103401, 0);
INSERT INTO `votos` VALUES (3875324651, 6861, 852, 092808, 103401, 0);
INSERT INTO `votos` VALUES (3875324651, 6861, 896, 092808, 103401, 0);
INSERT INTO `votos` VALUES (3875324651, 6861, 396, 092808, 103401, 0);
INSERT INTO `votos` VALUES (3875324651, 6861, 543, 092808, 103401, 0);
INSERT INTO `votos` VALUES (3875324651, 6861, 276, 092808, 103401, 0);
INSERT INTO `votos` VALUES (3876840041, 2881, 101, 092825, 103414, 0);
INSERT INTO `votos` VALUES (3876840041, 2881, 333, 092825, 103414, 0);
INSERT INTO `votos` VALUES (3876840041, 2881, 281, 092825, 103414, 0);
INSERT INTO `votos` VALUES (3876840041, 2881, 706, 092825, 103414, 0);
INSERT INTO `votos` VALUES (3876840041, 2881, 109, 092825, 103414, 0);
INSERT INTO `votos` VALUES (3876840041, 2881, 899, 092825, 103414, 0);
INSERT INTO `votos` VALUES (3876840041, 2881, 792, 092825, 103414, 0);
INSERT INTO `votos` VALUES (3876840041, 2881, 218, 092825, 103414, 0);
INSERT INTO `votos` VALUES (3876840041, 2881, 434, 092825, 103414, 0);
INSERT INTO `votos` VALUES (3876840041, 2881, 735, 092825, 103414, 0);
INSERT INTO `votos` VALUES (3876840041, 2881, 691, 092825, 103414, 0);
INSERT INTO `votos` VALUES (3874770373, 10781, 11, 092852, 103441, 0);
INSERT INTO `votos` VALUES (3874770373, 10781, 25, 092852, 103441, 0);
INSERT INTO `votos` VALUES (3874770373, 10781, 39, 092852, 103441, 0);
INSERT INTO `votos` VALUES (3874770373, 10781, 184, 092852, 103441, 0);
INSERT INTO `votos` VALUES (3874770373, 10781, 252, 092852, 103441, 0);
INSERT INTO `votos` VALUES (3874770373, 10781, 363, 092852, 103441, 0);
INSERT INTO `votos` VALUES (3874770373, 10781, 430, 092852, 103441, 0);
INSERT INTO `votos` VALUES (3874770373, 10781, 480, 092852, 103441, 0);
INSERT INTO `votos` VALUES (3874770373, 10781, 492, 092852, 103441, 0);
INSERT INTO `votos` VALUES (3874770373, 10781, 151, 092852, 103441, 0);
INSERT INTO `votos` VALUES (3874770373, 10781, 98, 092852, 103441, 0);
INSERT INTO `votos` VALUES (3874770373, 10781, 516, 092852, 103441, 0);
INSERT INTO `votos` VALUES (3874770373, 10781, 517, 092852, 103441, 0);
INSERT INTO `votos` VALUES (3874770373, 10781, 540, 092852, 103441, 0);
INSERT INTO `votos` VALUES (3874770373, 10781, 599, 092852, 103441, 0);
INSERT INTO `votos` VALUES (3874770373, 10781, 615, 092852, 103441, 0);
